{"mean": [94.67967479674796, 93.25121951219512, 91.73138211382114, 79.93203252032521, 79.01268292682927, 69.91463414634147, 56.38471544715447, 79.09268292682927, 64.80130081300813, 71.5520325203252, 68.01951219512195, 62.29577235772358, 54.17430894308943, 61.16487804878049, 55.999349593495936, 51.49186991869919, 51.21951219512195, 34.062439024390244, 46.872520325203254, 43.89170731707317, 47.24552845528455, 45.36520325203252, 38.113170731707314, 35.83821138211382, 30.475447154471546, 26.83170731707317, 21.933333333333334, 20.726016260162602, 20.189268292682925, 21.98211382113821, 21.4130081300813, 20.950243902439023, 15.69040650406504, 13.340975609756098, 9.092682926829267, 8.404065040650407, 7.1986991869918695, 4.3951219512195125, 3.232520325203252, 1.7653658536585366, 80.26747967479675, 77.90048780487805, 75.50943089430895, 73.09544715447154, 70.93512195121951, 68.74032520325203, 66.74276422764228, 65.08439024390243, 62.687642276422764, 60.66260162601626, 58.354471544715445, 56.087154471544714, 53.9390243902439, 52.004227642276426, 49.73886178861789, 47.585040650406505, 45.525365853658535, 43.39121951219512, 41.91024390243903, 39.77967479674797, 37.68959349593496, 35.32731707317073, 32.939674796747966, 30.82227642276423, 28.714146341463415, 26.809430894308942, 25.020650406504064, 23.453983739837398, 21.859674796747967, 20.177235772357722, 18.178861788617887, 16.037560975609757, 13.709756097560975, 11.748455284552845, 9.84260162601626, 8.327154471544716, 6.646341463414634, 4.846666666666667, 3.381626016260163, 1.7653658536585366], "scale": [16.875820771847373, 21.732426283581752, 26.007204265346978, 30.492540976744518, 32.52971377322175, 34.483317948482345, 31.883323273583002, 39.2068460313844, 38.17008403686183, 41.5508442570146, 42.56655746470582, 42.363085998282024, 40.399809105265675, 45.18503028183561, 44.281398758392626, 43.72621228987008, 45.012687747997965, 33.291225493576434, 45.27408859961666, 44.804877560180266, 48.71376368838678, 48.981824658847486, 44.457125108054626, 44.00653687644373, 40.147909041565484, 37.662797449462985, 32.777373384119805, 32.49020699836242, 33.31846747787856, 37.72099980682044, 38.62163966354614, 39.744789042567355, 33.05780729891104, 30.573249304447476, 23.22018035521413, 23.710211509324935, 22.88025807743481, 16.53784943726097, 14.94223835788754, 11.655923668824315, 24.028475640694225, 26.842579627577447, 29.19343659671688, 31.172890485528992, 32.94075271169142, 34.47958344717861, 35.85867257530739, 37.16258543663847, 38.09394668600166, 39.04078521629247, 39.724623749481296, 40.28526185588617, 40.78663525357832, 41.29674466999124, 41.4937052960116, 41.65712740963743, 41.767902140955655, 41.72033238464342, 42.05095332510509, 41.824555084595666, 41.519623010772435, 40.81797011944288, 39.93135699470981, 39.230344875436536, 38.406544727818286, 37.70983062401964, 37.04297740715159, 36.56533628264997, 35.986429012404905, 35.20327223567237, 33.80295184116188, 31.951407016145435, 29.42539391847833, 27.357066417650582, 25.111762017141604, 23.547688216856585, 21.286164034369037, 18.16459706269034, 15.63334628463401, 11.6559236688243]}