{"mean": [77.33333333333333, 62.881951219512196, 91.86113821138211, 69.11479674796747, 68.86829268292684, 80.4260162601626, 67.39186991869919, 76.74780487804878, 66.10731707317073, 54.15170731707317, 57.61951219512195, 48.45593495934959, 55.23512195121951, 56.68682926829268, 56.527804878048784, 39.333333333333336, 39.91804878048781, 54.923252032520324, 29.95219512195122, 41.337560975609755, 38.22764227642276, 32.423577235772356, 41.47609756097561, 38.113170731707314, 22.376585365853657, 26.853658536585368, 31.1869918699187, 28.361138211382112, 16.893658536585367, 19.13821138211382, 23.053658536585367, 19.807317073170733, 16.446178861788617, 16.086341463414634, 11.025365853658537, 11.527642276422764, 9.144715447154471, 5.181951219512195, 4.78959349593496, 1.6998373983739838, 78.97577235772357, 77.04243902439025, 75.43008130081301, 73.01268292682927, 71.14471544715447, 69.23170731707317, 66.93382113821139, 64.95170731707317, 62.6260162601626, 60.56016260162602, 58.81333333333333, 56.892682926829266, 55.221788617886176, 53.24910569105691, 51.14959349593496, 48.975447154471546, 47.40211382113821, 45.73886178861789, 43.35089430894309, 41.989430894308946, 40.0209756097561, 38.10959349593496, 36.40308943089431, 34.09886178861789, 31.85691056910569, 30.458373983739836, 28.668130081300813, 26.44048780487805, 24.258861788617885, 22.851056910569106, 21.11121951219512, 18.805853658536584, 16.605040650406504, 14.549268292682926, 12.251219512195123, 10.413658536585366, 8.108130081300812, 5.821951219512195, 4.0946341463414635, 1.6998373983739838], "scale": [23.710814200004297, 25.2404382494045, 26.010477601267166, 30.493349810775072, 32.43083777130186, 34.78744712717042, 35.34002450870215, 38.73147465986361, 38.70472161010465, 35.65046541178593, 38.94400745731283, 35.53325147958105, 41.20690212462883, 43.23360788694499, 44.67022570221847, 35.48689593635624, 37.148155797018056, 48.79834359270683, 31.028494497658475, 42.6031282935025, 41.78010827279846, 37.81391661336395, 47.366342525923784, 46.066938276181496, 30.350151225276573, 37.6245644821146, 44.11896511502676, 42.5033425984112, 28.199245947028203, 33.46702422716974, 40.935706664364865, 37.948391721722075, 34.35402411950687, 35.728877784691626, 27.79730361529305, 31.125846841421044, 28.051976158239505, 19.28172561090526, 21.18057759633554, 11.265544995187572, 24.411583915868878, 27.092332108768627, 29.36172896196159, 31.32231862460679, 33.10791225956854, 34.69458104655079, 36.016951892272445, 37.260189651388046, 38.22405031313634, 39.1430755587903, 40.063863056814796, 40.81816344209596, 41.58065427346019, 42.11086484773924, 42.47668776987922, 42.68850551200819, 43.14725131853509, 43.50527603184423, 43.25232597736543, 43.616630514055, 43.54357931843999, 43.41698018203666, 43.37743548383813, 42.70645481958492, 41.96939279902364, 41.948956291442826, 41.51044858866104, 40.464449354350016, 39.33371480874352, 39.0309270080868, 38.272459107758195, 36.55248635069108, 34.79103156031553, 33.06247983190795, 30.584056811237897, 28.774835586634357, 25.50201360931052, 21.553759736860872, 18.676575141403248, 11.26554499518757]}