{"mean": [94.94634146341464, 56.10292682926829, 79.71349593495935, 64.75902439024391, 66.07609756097561, 58.41869918699187, 59.226341463414634, 76.73170731707317, 58.79154471544715, 47.07463414634147, 70.71707317073171, 68.99170731707316, 60.33430894308943, 39.58682926829268, 56.44325203252033, 44.58943089430894, 34.57170731707317, 52.38764227642277, 38.315772357723574, 49.34146341463415, 45.35609756097561, 45.47951219512195, 26.42048780487805, 26.777073170731708, 34.52878048780488, 21.55121951219512, 33.17430894308943, 25.15869918699187, 22.782439024390243, 26.518048780487806, 14.692682926829269, 20.95609756097561, 12.209430894308943, 10.570569105691057, 9.351219512195122, 7.579674796747968, 7.786666666666667, 6.92829268292683, 3.1795121951219514, 1.653170731707317, 76.02959349593496, 73.6559349593496, 72.21739837398374, 70.11967479674797, 68.36943089430895, 66.5339837398374, 64.86487804878048, 63.122926829268295, 60.79772357723577, 58.96048780487805, 57.4419512195122, 55.08471544715447, 52.70569105691057, 50.55089430894309, 49.08471544715447, 46.91382113821138, 45.13024390243903, 43.689756097560974, 41.412032520325205, 39.67040650406504, 37.32081300813008, 35.0530081300813, 32.65934959349593, 31.191544715447154, 29.616422764227643, 27.458373983739836, 26.021626016260164, 23.652032520325204, 21.716747967479673, 19.81821138211382, 17.407479674796747, 15.93821138211382, 13.609756097560975, 12.083577235772358, 10.57349593495935, 9.014959349593497, 7.499024390243902, 5.552357723577236, 3.242926829268293, 1.653170731707317], "scale": [16.51120483154065, 22.626568480212903, 27.695243875200987, 28.92896507285408, 31.33937077193375, 30.752980818161266, 32.96432398398027, 38.737808083755176, 36.079430800417896, 31.505391828972122, 43.364906022734104, 44.74873405498791, 43.17129553135839, 32.26234718745693, 44.67994529288849, 39.22011743826461, 32.52761647693328, 47.28086269695248, 38.878373552587334, 48.47495192067734, 47.216075094956665, 49.10157204202052, 32.597467651998215, 34.339262335919365, 44.257164971996495, 30.5502953716216, 46.237205904856964, 38.57517022201582, 37.08195911238102, 43.85482980249459, 27.542278426666016, 39.76776515906679, 26.144620466758816, 24.58023157395046, 23.85888515735434, 21.399219115566044, 24.530187497141803, 24.80077161490896, 14.754389279603897, 10.925313436524279, 25.04079472875697, 27.389013162434882, 29.430746431376765, 31.26261155430066, 32.920783592725115, 34.39221976064893, 35.743741765399655, 36.95177931691203, 37.811170475193094, 38.74294564382547, 39.67711711060845, 40.12661032050124, 40.41531807485328, 40.73479879088125, 41.33782469025574, 41.4476225944523, 41.725480458020115, 42.13163277667234, 41.86159912419501, 41.93055217291773, 41.36714464704526, 40.75590379568681, 39.84179555125113, 39.790402814627136, 39.59185705327582, 38.6490880502002, 38.43701663452255, 36.92959980012199, 35.8948839685468, 34.77723009939344, 32.564220117473475, 31.81158586387806, 29.26197736744171, 28.131823952788764, 26.89495458422141, 25.385414875731364, 23.79869332392486, 20.644464762628722, 15.015975597376693, 10.925313436524263]}