{"mean": [80.52032520325203, 85.50829268292684, 59.94731707317073, 89.30536585365854, 59.01073170731707, 54.73089430894309, 73.229918699187, 74.82146341463415, 69.02634146341464, 46.9889430894309, 57.13170731707317, 54.55772357723577, 64.98731707317073, 55.22048780487805, 54.51967479674797, 50.61788617886179, 54.77463414634146, 36.50081300813008, 46.44325203252033, 44.082926829268295, 29.492682926829268, 43.81430894308943, 29.00780487804878, 29.51089430894309, 28.589268292682927, 21.75609756097561, 25.26829268292683, 27.95528455284553, 18.45268292682927, 20.540487804878047, 24.130081300813007, 14.65609756097561, 17.11479674796748, 10.761788617886179, 9.726829268292683, 11.441463414634146, 6.815609756097561, 6.918048780487805, 4.489430894308943, 1.7473170731707317, 77.2019512195122, 75.1889430894309, 72.99642276422765, 71.41886178861789, 69.00520325203252, 67.3660162601626, 65.80227642276422, 63.648455284552846, 61.381138211382115, 59.22406504065041, 57.70829268292683, 55.80390243902439, 53.92260162601626, 51.60162601626016, 49.55642276422764, 47.45951219512195, 45.43479674796748, 43.152520325203255, 41.56552845528455, 39.454471544715446, 37.355284552845525, 35.88065040650407, 33.57463414634147, 31.96308943089431, 30.227154471544715, 28.440325203252034, 26.98991869918699, 25.185040650406503, 23.034634146341464, 21.49691056910569, 19.62959349593496, 17.216585365853657, 15.588130081300813, 13.448780487804878, 11.911382113821139, 10.290243902439025, 8.001951219512195, 6.298048780487805, 3.9920325203252034, 1.7473170731707317], "scale": [22.896639293816783, 24.522685953080106, 25.692069355372187, 29.582021905002943, 29.38589145385492, 28.76653891222975, 36.57640826348123, 38.51602552508093, 39.329175195705346, 31.77939519634605, 38.756616675213444, 38.98925223622362, 44.99616787790153, 42.78565031564751, 43.82805115661576, 43.25975999189285, 46.99929361677498, 35.52402026233938, 45.13132003343965, 44.858628353697306, 33.10048060646874, 47.70459905359217, 35.6308983144357, 37.39244906619034, 38.04221978876035, 30.835820544838082, 37.13350845167557, 42.086644470726, 30.50284201268361, 35.59762808060674, 42.53739805543687, 29.294339324830077, 35.55738052094613, 25.12228958911177, 24.619950510048202, 30.9753020598006, 21.69680543516873, 24.790126203156337, 20.06266934637909, 11.49608155746495, 24.524549428032586, 27.07440049747263, 29.24079987700861, 31.159383120146646, 32.720620368758766, 34.255807406049065, 35.671736365163135, 36.799650847418434, 37.72397096934925, 38.54893466703346, 39.49000218656372, 40.20897344805663, 40.84276245877718, 41.10848226861722, 41.42533673717974, 41.60875732271959, 41.73763456138586, 41.55912809232476, 41.8188215532543, 41.58393754947954, 41.25651405230849, 41.37418463303554, 40.63467069221248, 40.490923646818075, 40.174585796688255, 39.71512705465468, 39.53154009895203, 38.89489991801787, 37.684707434976374, 37.18472770096808, 36.13786657576588, 33.995388277128114, 33.013477744150876, 30.9411436186739, 29.82677550648347, 28.440046523906748, 25.151915592681537, 22.971366682234084, 18.18267114632057, 11.496081557464942]}