{"mean": [64.0260162601626, 62.44439024390244, 91.74991869918699, 88.86617886178861, 72.72, 54.201626016260164, 81.71609756097561, 68.50585365853658, 55.51869918699187, 48.17349593495935, 59.760975609756095, 58.089593495934956, 62.75642276422764, 45.55317073170732, 58.39219512195122, 52.00813008130081, 40.74926829268293, 44.83317073170732, 51.333333333333336, 48.41268292682927, 43.021138211382116, 45.66487804878049, 42.50048780487805, 27.727967479674795, 24.517723577235774, 30.75121951219512, 27.55609756097561, 31.252845528455286, 28.585365853658537, 19.66227642276423, 22.82439024390244, 19.79268292682927, 18.848780487804877, 11.672357723577235, 12.335609756097561, 11.176422764227642, 7.864065040650407, 5.8551219512195125, 3.915121951219512, 1.4790243902439024, 80.71235772357724, 79.11170731707317, 77.51056910569106, 75.09609756097561, 72.69430894308942, 70.67430894308943, 69.12569105691057, 66.72227642276422, 64.64634146341463, 62.91138211382114, 61.35739837398374, 59.36536585365854, 57.362276422764225, 55.120975609756094, 53.433821138211385, 51.187967479674796, 49.107642276422766, 47.40975609756097, 45.46048780487805, 43.12715447154471, 40.82178861788618, 38.670731707317074, 36.26731707317073, 33.90617886178862, 32.27512195121951, 30.742764227642276, 28.692682926829267, 26.724390243902437, 24.320325203252033, 21.93821138211382, 20.150731707317075, 17.86829268292683, 15.669105691056911, 13.3130081300813, 11.645528455284554, 9.58959349593496, 7.354308943089431, 5.38829268292683, 3.4365853658536585, 1.4790243902439024], "scale": [21.94181454650543, 23.579674592675953, 26.03339123785095, 29.737553562841757, 31.874917733036405, 28.683696918297606, 37.308414243826824, 37.10260282603174, 34.50545226056708, 31.73668565294338, 39.366773646577734, 40.44775740009009, 44.06983578625897, 36.552606289180346, 45.50972026140116, 43.43830236972359, 37.5896270324707, 42.14328025242329, 48.139753642481665, 47.91121295634424, 45.40321118265152, 49.23921418547539, 48.3015350940836, 35.34110182185314, 32.859789765545294, 41.870783352033, 39.70460468952572, 45.939415432467555, 44.57610407084142, 34.09640933848268, 40.591741603641495, 37.87887557403398, 38.474067638171654, 27.068467242001166, 30.574795139114997, 30.342177522335678, 24.601098390356654, 21.459774863224737, 17.796508717894113, 9.848170926263583, 23.551901381179473, 26.381720257627517, 28.853605298133875, 31.01019556006402, 32.85201928137649, 34.55058419802531, 36.09424844575523, 37.308944519503086, 38.48039896494356, 39.604530214823775, 40.67282594641433, 41.52178392498704, 42.250458886485696, 42.745661110383075, 43.40506988708709, 43.68255909444501, 43.96753558590729, 44.37294168295826, 44.557550067912764, 44.3504678029665, 44.0406550543235, 43.7602415082804, 43.10114881748703, 42.34897386995101, 42.221854036962185, 42.121201530529, 41.426116366274044, 40.722938226494705, 39.28864822781489, 37.68436850102594, 36.80368325440422, 34.991755863143645, 33.09421296420907, 30.562564005550545, 29.181381891729703, 26.721655095714084, 23.298267358771174, 20.02740706308225, 15.918097121908763, 9.84817092626359]}